panel,total_patches,value,colour,style
lower,1050,4.815831e-04,#440256,open
lower,1100,4.486815e-04,#450457,open
lower,1150,5.571826e-04,#440154,open
lower,1200,6.011338e-04,#46075a,open
lower,1250,3.321329e-04,#440154,open
lower,1300,3.416421e-04,#450559,open
lower,1350,2.760524e-04,#440154,open
lower,1400,2.539586e-04,#46075a,open
lower,1450,3.940441e-04,#450457,open
lower,1500,4.207219e-04,#440256,open
lower,2000,2.178620e-04,#440256,open
lower,2500,1.075398e-04,#440256,open
lower,3000,6.076213e-05,#450457,open
lower,3500,7.958998e-05,#440256,open
lower,4000,5.806188e-05,#46075a,open
lower,4500,3.818210e-05,#450559,open
lower,5000,4.466890e-05,#460a5d,open
lower,5500,3.504423e-05,#460a5d,open
lower,6000,4.043516e-05,#460b5e,open
lower,6500,3.206421e-05,#470e61,open
lower,7000,2.985615e-05,#481568,open
lower,7500,2.617457e-05,#471365,open
lower,8000,1.337701e-05,#481568,open
lower,8500,1.413606e-05,#481769,open
lower,9000,1.649424e-05,#481a6c,open
lower,9500,6.515610e-06,#481b6d,open
lower,10000,4.386436e-06,#481c6e,open
lower,10500,3.311501e-06,#481a6c,open
lower,10685,3.122117e-06,#481c6e,open
lower,11185,1.604651e-06,#481769,open
lower,11685,1.341257e-06,#481a6c,open
lower,12185,1.125800e-06,#481a6c,open
lower,12685,1.296458e-06,#481b6d,open
lower,13185,1.122190e-06,#481c6e,open
lower,13685,1.130192e-06,#481769,open
lower,14185,4.381434e-07,#482475,open
lower,14685,5.416653e-07,#453882,open
lower,15185,3.156119e-07,#3f4788,open
lower,15685,4.020186e-07,#3c508b,open
lower,16185,3.145691e-07,#33638d,open
lower,16685,2.934203e-07,#2f6b8e,open
lower,17185,2.513476e-07,#26828e,open
lower,17685,2.511275e-07,#218f8d,open
lower,18185,2.850591e-07,#1f988b,open
lower,18685,2.550693e-07,#1fa188,open
lower,19185,2.347005e-07,#21a685,open
lower,19685,2.824627e-07,#3aba76,open
lower,20185,2.622954e-07,#46c06f,open
lower,20685,2.583677e-07,#63cb5f,open
lower,21185,2.532386e-07,#86d549,open
lower,21685,2.329480e-07,#addc30,open
lower,22186,2.230730e-07,#cae11f,open
lower,22685,2.195830e-07,#f8e621,open
lower,22870,2.243796e-07,#fde725,open
upper,1050,4.999962e+00,#440256,filled
upper,1100,4.999962e+00,#450457,filled
upper,1150,4.999962e+00,#440154,filled
upper,1200,4.999962e+00,#46075a,filled
upper,1250,4.999962e+00,#440154,filled
upper,1300,4.999962e+00,#450559,filled
upper,1350,4.999962e+00,#440154,filled
upper,1400,4.999962e+00,#46075a,filled
upper,1450,4.999962e+00,#450457,filled
upper,1500,4.999962e+00,#440256,filled
upper,2000,4.999962e+00,#440256,filled
upper,2500,4.999962e+00,#440256,filled
upper,3000,4.609568e+00,#450457,filled
upper,3500,4.259206e+00,#440256,filled
upper,4000,4.069009e+00,#46075a,filled
upper,4500,3.668616e+00,#450559,filled
upper,5000,3.398318e+00,#460a5d,filled
upper,5500,3.248189e+00,#460a5d,filled
upper,6000,3.158090e+00,#460b5e,filled
upper,6500,2.947857e+00,#470e61,filled
upper,7000,2.597533e+00,#481568,filled
upper,7500,2.687595e+00,#471365,filled
upper,8000,2.447367e+00,#481568,filled
upper,8500,2.427332e+00,#481769,filled
upper,9000,2.247171e+00,#481a6c,filled
upper,9500,2.297201e+00,#481b6d,filled
upper,10000,2.147073e+00,#481c6e,filled
upper,10500,2.056973e+00,#481a6c,filled
upper,10685,1.986908e+00,#481c6e,filled
upper,11185,1.846741e+00,#481769,filled
upper,11685,1.796711e+00,#481a6c,filled
upper,12185,1.796711e+00,#481a6c,filled
upper,12685,1.746643e+00,#481b6d,filled
upper,13185,1.776676e+00,#481c6e,filled
upper,13685,1.836742e+00,#481769,filled
upper,14185,2.026940e+00,#482475,filled
upper,14685,2.237135e+00,#453882,filled
upper,15185,2.357267e+00,#3f4788,filled
upper,15685,2.447367e+00,#3c508b,filled
upper,16185,2.507433e+00,#33638d,filled
upper,16685,2.587497e+00,#2f6b8e,filled
upper,17185,2.687595e+00,#26828e,filled
upper,17685,2.787731e+00,#218f8d,filled
upper,18185,2.827762e+00,#1f988b,filled
upper,18685,2.867794e+00,#1fa188,filled
upper,19185,2.877792e+00,#21a685,filled
upper,19685,2.977891e+00,#3aba76,filled
upper,20185,3.007924e+00,#46c06f,filled
upper,20685,3.067990e+00,#63cb5f,filled
upper,21185,3.118058e+00,#86d549,filled
upper,21685,3.138055e+00,#addc30,filled
upper,22186,3.158090e+00,#cae11f,filled
upper,22685,3.228155e+00,#f8e621,filled
upper,22870,3.208158e+00,#fde725,filled
